{
    "0": {
        "precision": 0.5768143261074458,
        "recall": 0.6388308977035491,
        "f1-score": 0.6062407132243683,
        "support": 958
    },
    "1": {
        "precision": 0.691358024691358,
        "recall": 0.5045045045045045,
        "f1-score": 0.5833333333333333,
        "support": 111
    },
    "2": {
        "precision": 0.5848484848484848,
        "recall": 0.376953125,
        "f1-score": 0.4584323040380048,
        "support": 1024
    },
    "3": {
        "precision": 0.8545454545454545,
        "recall": 0.8742953776775648,
        "f1-score": 0.8643076065756479,
        "support": 1774
    },
    "4": {
        "precision": 0.5668402777777778,
        "recall": 0.5236567762630313,
        "f1-score": 0.5443934972905378,
        "support": 1247
    },
    "5": {
        "precision": 0.7630331753554502,
        "recall": 0.7749699157641395,
        "f1-score": 0.7689552238805969,
        "support": 831
    },
    "6": {
        "precision": 0.5603833865814697,
        "recall": 0.7112733171127331,
        "f1-score": 0.6268763402430307,
        "support": 1233
    },
    "accuracy": 0.665784341042073,
    "macro avg": {
        "precision": 0.6568318757010629,
        "recall": 0.6292119877179317,
        "f1-score": 0.6360770026550743,
        "support": 7178
    },
    "weighted avg": {
        "precision": 0.6653748203906907,
        "recall": 0.665784341042073,
        "f1-score": 0.6602178860901079,
        "support": 7178
    }
}