{"angry": 0.900139374634991, "disgusted": 0.9623781132200546, "fearful": 0.836646356790299, "happy": 0.9735857379852245, "sad": 0.8686536441463897, "surprised": 0.9663756169709408, "neutral": 0.9030856656414539}